<?xml version="1.0" encoding="UTF-8"?><StructureDefinition xmlns="http://hl7.org/fhir"><id value="qicore-imagingstudy-radiationDuration"/><text><status value="generated"/><div xmlns="http://www.w3.org/1999/xhtml"><table border="0" cellpadding="0" cellspacing="0" style="border: 0px #F0F0F0 solid; font-size: 11px; font-family: verdana; vertical-align: top;"><tr style="border: 1px #F0F0F0 solid; font-size: 11px; font-family: verdana; vertical-align: top;"><th style="vertical-align: top; text-align : left; background-color: white; border: 0px #F0F0F0 solid; padding:0px 4px 0px 4px" class="hierarchy"><a href="http://hl7.org/fhir/STU3/formats.html#table" title="The logical name of the element">Name</a></th><th style="vertical-align: top; text-align : left; background-color: white; border: 0px #F0F0F0 solid; padding:0px 4px 0px 4px" class="hierarchy"><a href="http://hl7.org/fhir/STU3/formats.html#table" title="Information about the use of the element">Flags</a></th><th style="vertical-align: top; text-align : left; background-color: white; border: 0px #F0F0F0 solid; padding:0px 4px 0px 4px" class="hierarchy"><a href="http://hl7.org/fhir/STU3/formats.html#table" title="Minimum and Maximum # of times the the element can appear in the instance">Card.</a></th><th style="width: 100px" class="hierarchy"><a href="http://hl7.org/fhir/STU3/formats.html#table" title="Reference to the type of the element">Type</a></th><th style="vertical-align: top; text-align : left; background-color: white; border: 0px #F0F0F0 solid; padding:0px 4px 0px 4px" class="hierarchy"><a href="http://hl7.org/fhir/STU3/formats.html#table" title="Additional information about the element">Description &amp; Constraints</a><span style="float: right"><a href="http://hl7.org/fhir/STU3/formats.html#table" title="Legend for this format"><img src="http://hl7.org/fhir/STU3/help16.png" alt="doco" style="background-color: inherit"/></a></span></th></tr><tr style="border: 0px #F0F0F0 solid; padding:0px; vertical-align: top; background-color: white;"><td style="vertical-align: top; text-align : left; background-color: white; border: 0px #F0F0F0 solid; padding:0px 4px 0px 4px; white-space: nowrap; background-image: url(tbl_bck1.png)" class="hierarchy"><img src="tbl_spacer.png" alt="." style="background-color: inherit" class="hierarchy"/><img src="icon_element.gif" alt="." style="background-color: white; background-color: inherit" title="Element" class="hierarchy"/> <a href="qicore-imagingstudy-radiationDuration-definitions.html#Extension:thelengthoftimeforradiationexposure" title="The duration of exposure to radiation for this study.">Extension</a><a name="Extension"> </a></td><td style="vertical-align: top; text-align : left; background-color: white; border: 0px #F0F0F0 solid; padding:0px 4px 0px 4px" class="hierarchy"/><td style="vertical-align: top; text-align : left; background-color: white; border: 0px #F0F0F0 solid; padding:0px 4px 0px 4px" class="hierarchy">0..1</td><td style="vertical-align: top; text-align : left; background-color: white; border: 0px #F0F0F0 solid; padding:0px 4px 0px 4px" class="hierarchy"/><td style="vertical-align: top; text-align : left; background-color: white; border: 0px #F0F0F0 solid; padding:0px 4px 0px 4px" class="hierarchy">The length of time for radiation exposure</td></tr>
<tr style="border: 0px #F0F0F0 solid; padding:0px; vertical-align: top; background-color: white;"><td style="vertical-align: top; text-align : left; background-color: white; border: 0px #F0F0F0 solid; padding:0px 4px 0px 4px; white-space: nowrap; background-image: url(tbl_bck10.png)" class="hierarchy"><img src="tbl_spacer.png" alt="." style="background-color: inherit" class="hierarchy"/><img src="tbl_vjoin.png" alt="." style="background-color: inherit" class="hierarchy"/><img src="icon_primitive.png" alt="." style="background-color: white; background-color: inherit" title="Primitive Data Type" class="hierarchy"/> <a href="qicore-imagingstudy-radiationDuration-definitions.html#Extension:thelengthoftimeforradiationexposure.url" title="null">url</a><a name="Extension.url"> </a></td><td style="vertical-align: top; text-align : left; background-color: white; border: 0px #F0F0F0 solid; padding:0px 4px 0px 4px" class="hierarchy"/><td style="vertical-align: top; text-align : left; background-color: white; border: 0px #F0F0F0 solid; padding:0px 4px 0px 4px" class="hierarchy"/><td style="vertical-align: top; text-align : left; background-color: white; border: 0px #F0F0F0 solid; padding:0px 4px 0px 4px" class="hierarchy"><a href="http://hl7.org/fhir/STU3/datatypes.html#uri">uri</a></td><td style="vertical-align: top; text-align : left; background-color: white; border: 0px #F0F0F0 solid; padding:0px 4px 0px 4px" class="hierarchy"><span style="color: darkgreen">&quot;http://hl7.org/fhir/us/qicore/StructureDefinition/qicore-imagingstudy-radiationDuration&quot;</span></td></tr>
<tr style="border: 0px #F0F0F0 solid; padding:0px; vertical-align: top; background-color: white;"><td style="vertical-align: top; text-align : left; background-color: white; border: 0px #F0F0F0 solid; padding:0px 4px 0px 4px; white-space: nowrap; background-image: url(tbl_bck10.png)" class="hierarchy"><img src="tbl_spacer.png" alt="." style="background-color: inherit" class="hierarchy"/><img src="tbl_vjoin.png" alt="." style="background-color: inherit" class="hierarchy"/><img src="icon_datatype.gif" alt="." style="background-color: white; background-color: inherit" title="Data Type" class="hierarchy"/> <a href="qicore-imagingstudy-radiationDuration-definitions.html#Extension:thelengthoftimeforradiationexposure.value[x]" title="null">value[x]</a><a name="Extension.value_x_"> </a></td><td style="vertical-align: top; text-align : left; background-color: white; border: 0px #F0F0F0 solid; padding:0px 4px 0px 4px" class="hierarchy"/><td style="vertical-align: top; text-align : left; background-color: white; border: 0px #F0F0F0 solid; padding:0px 4px 0px 4px" class="hierarchy">1..</td><td style="vertical-align: top; text-align : left; background-color: white; border: 0px #F0F0F0 solid; padding:0px 4px 0px 4px" class="hierarchy"><a href="http://hl7.org/fhir/STU3/datatypes.html#Duration">Duration</a></td><td style="vertical-align: top; text-align : left; background-color: white; border: 0px #F0F0F0 solid; padding:0px 4px 0px 4px" class="hierarchy"/></tr>
<tr style="border: 0px #F0F0F0 solid; padding:0px; vertical-align: top; background-color: white;"><td style="vertical-align: top; text-align : left; background-color: white; border: 0px #F0F0F0 solid; padding:0px 4px 0px 4px; white-space: nowrap; background-image: url(tbl_bck00.png)" class="hierarchy"><img src="tbl_spacer.png" alt="." style="background-color: inherit" class="hierarchy"/><img src="tbl_vjoin_end.png" alt="." style="background-color: inherit" class="hierarchy"/><img src="icon_extension_simple.png" alt="." style="background-color: white; background-color: inherit" title="Simple Extension" class="hierarchy"/> <span style="text-decoration:line-through" title="Slice extension: null">extension</span><a name="Extension.extension"> </a></td><td style="vertical-align: top; text-align : left; background-color: white; border: 0px #F0F0F0 solid; padding:0px 4px 0px 4px" class="hierarchy"/><td style="vertical-align: top; text-align : left; background-color: white; border: 0px #F0F0F0 solid; padding:0px 4px 0px 4px" class="hierarchy"><span style="text-decoration:line-through"/><span style="text-decoration:line-through"></span><span style="text-decoration:line-through">..</span><span style="text-decoration:line-through">0</span></td><td style="vertical-align: top; text-align : left; background-color: white; border: 0px #F0F0F0 solid; padding:0px 4px 0px 4px" class="hierarchy"/><td style="vertical-align: top; text-align : left; background-color: white; border: 0px #F0F0F0 solid; padding:0px 4px 0px 4px" class="hierarchy"/></tr>
<tr><td colspan="5" class="hierarchy"><br/><a href="http://hl7.org/fhir/STU3/formats.html#table" title="Legend for this format"><img src="http://hl7.org/fhir/STU3/help16.png" alt="doco" style="background-color: inherit"/> Documentation for this format</a></td></tr></table></div></text><url value="http://hl7.org/fhir/us/qicore/StructureDefinition/qicore-imagingstudy-radiationDuration"/><name value="The length of time for radiation exposure"/><title value="radiationDuration"/><status value="draft"/><date value="2015-02-21T00:00:00+00:00"/><publisher value="Health Level Seven, Inc. - FHIR WG"/><contact><telecom><system value="url"/><value value="HL7"/></telecom></contact><description value="The duration of exposure to radiation for this study."/><fhirVersion value="3.0.1"/><mapping><identity value="rim"/><uri value="http://hl7.org/v3"/><name value="RIM Mapping"/></mapping><kind value="complex-type"/><abstract value="false"/><contextType value="resource"/><context value="ImagingStudy"/><type value="Extension"/><baseDefinition value="http://hl7.org/fhir/StructureDefinition/Extension"/><derivation value="constraint"/><snapshot><element id="Extension:thelengthoftimeforradiationexposure"><path value="Extension"/><short value="The length of time for radiation exposure"/><definition value="The duration of exposure to radiation for this study."/><min value="0"/><max value="1"/><base><path value="Extension"/><min value="0"/><max value="*"/></base><condition value="ele-1"/><constraint><key value="ele-1"/><severity value="error"/><human value="All FHIR elements must have a @value or children"/><expression value="children().count() &gt; id.count()"/><xpath value="@value|f:*|h:div"/><source value="Element"/></constraint><constraint><key value="ext-1"/><severity value="error"/><human value="Must have either extensions or value[x], not both"/><expression value="extension.exists() != value.exists()"/><xpath value="exists(f:extension)!=exists(f:*[starts-with(local-name(.), &#39;value&#39;)])"/><source value="Extension"/></constraint></element><element id="Extension:thelengthoftimeforradiationexposure.id"><path value="Extension.id"/><representation value="xmlAttr"/><short value="xml:id (or equivalent in JSON)"/><definition value="unique id for the element within a resource (for internal references). This may be any        string value that does not contain spaces."/><min value="0"/><max value="1"/><base><path value="Element.id"/><min value="0"/><max value="1"/></base><type><code value="string"/></type><mapping><identity value="rim"/><map value="n/a"/></mapping></element><element id="Extension:thelengthoftimeforradiationexposure.extension:extension"><path value="Extension.extension"/><sliceName value="extension"/><short value="Extension"/><definition value="An Extension"/><min value="0"/><max value="0"/><base><path value="Element.extension"/><min value="0"/><max value="*"/></base><type><code value="Extension"/></type></element><element id="Extension:thelengthoftimeforradiationexposure.url"><path value="Extension.url"/><representation value="xmlAttr"/><short value="identifies the meaning of the extension"/><definition value="Source of the definition for the extension code - a logical name or a URL."/><comment value="The definition may point directly to a computable or human-readable definition of the        extensibility codes, or it may be a logical URI as declared in some other specification.        The definition SHALL be a URI for the Structure Definition defining the extension."/><min value="1"/><max value="1"/><base><path value="Extension.url"/><min value="1"/><max value="1"/></base><type><code value="uri"/></type><fixedUri value="http://hl7.org/fhir/us/qicore/StructureDefinition/qicore-imagingstudy-radiationDuration"/><mapping><identity value="rim"/><map value="N/A"/></mapping></element><element id="Extension:thelengthoftimeforradiationexposure.valueDuration"><path value="Extension.valueDuration"/><short value="Value of extension"/><definition value="Value of extension - may be a resource or one of a constrained set of the data types (see        Extensibility in the spec for list)."/><min value="1"/><max value="1"/><base><path value="Extension.value[x]"/><min value="0"/><max value="1"/></base><type><code value="Duration"/></type><mapping><identity value="rim"/><map value="N/A"/></mapping></element></snapshot><differential><element id="Extension:thelengthoftimeforradiationexposure"><path value="Extension"/><short value="The length of time for radiation exposure"/><definition value="The duration of exposure to radiation for this study."/><min value="0"/><max value="1"/></element><element id="Extension:thelengthoftimeforradiationexposure.extension:extension"><path value="Extension.extension"/><sliceName value="extension"/><max value="0"/></element><element id="Extension:thelengthoftimeforradiationexposure.url"><path value="Extension.url"/><type><code value="uri"/></type><fixedUri value="http://hl7.org/fhir/us/qicore/StructureDefinition/qicore-imagingstudy-radiationDuration"/></element><element id="Extension:thelengthoftimeforradiationexposure.value[x]"><path value="Extension.value[x]"/><min value="1"/><type><code value="Duration"/></type></element></differential></StructureDefinition>