<?xml version="1.0" encoding="UTF-8"?><StructureDefinition xmlns="http://hl7.org/fhir"><id value="qicore-familymemberhistory"/><text><status value="generated"/><div xmlns="http://www.w3.org/1999/xhtml"><table border="0" cellpadding="0" cellspacing="0" style="border: 0px #F0F0F0 solid; font-size: 11px; font-family: verdana; vertical-align: top;"><tr style="border: 1px #F0F0F0 solid; font-size: 11px; font-family: verdana; vertical-align: top;"><th style="vertical-align: top; text-align : left; background-color: white; border: 0px #F0F0F0 solid; padding:0px 4px 0px 4px" class="hierarchy"><a href="http://hl7.org/fhir/STU3/formats.html#table" title="The logical name of the element">Name</a></th><th style="vertical-align: top; text-align : left; background-color: white; border: 0px #F0F0F0 solid; padding:0px 4px 0px 4px" class="hierarchy"><a href="http://hl7.org/fhir/STU3/formats.html#table" title="Information about the use of the element">Flags</a></th><th style="vertical-align: top; text-align : left; background-color: white; border: 0px #F0F0F0 solid; padding:0px 4px 0px 4px" class="hierarchy"><a href="http://hl7.org/fhir/STU3/formats.html#table" title="Minimum and Maximum # of times the the element can appear in the instance">Card.</a></th><th style="width: 100px" class="hierarchy"><a href="http://hl7.org/fhir/STU3/formats.html#table" title="Reference to the type of the element">Type</a></th><th style="vertical-align: top; text-align : left; background-color: white; border: 0px #F0F0F0 solid; padding:0px 4px 0px 4px" class="hierarchy"><a href="http://hl7.org/fhir/STU3/formats.html#table" title="Additional information about the element">Description &amp; Constraints</a><span style="float: right"><a href="http://hl7.org/fhir/STU3/formats.html#table" title="Legend for this format"><img src="http://hl7.org/fhir/STU3/help16.png" alt="doco" style="background-color: inherit"/></a></span></th></tr><tr style="border: 0px #F0F0F0 solid; padding:0px; vertical-align: top; background-color: white;"><td style="vertical-align: top; text-align : left; background-color: white; border: 0px #F0F0F0 solid; padding:0px 4px 0px 4px; white-space: nowrap; background-image: url(tbl_bck1.png)" class="hierarchy"><img src="tbl_spacer.png" alt="." style="background-color: inherit" class="hierarchy"/><img src="icon_element.gif" alt="." style="background-color: white; background-color: inherit" title="Element" class="hierarchy"/> <a href="qicore-familymemberhistory-definitions.html#FamilyMemberHistory">FamilyMemberHistory</a><a name="FamilyMemberHistory"> </a></td><td style="vertical-align: top; text-align : left; background-color: white; border: 0px #F0F0F0 solid; padding:0px 4px 0px 4px" class="hierarchy"/><td style="vertical-align: top; text-align : left; background-color: white; border: 0px #F0F0F0 solid; padding:0px 4px 0px 4px" class="hierarchy"><span style="opacity: 0.4">0</span><span style="opacity: 0.5">..</span><span style="opacity: 0.4">*</span></td><td style="vertical-align: top; text-align : left; background-color: white; border: 0px #F0F0F0 solid; padding:0px 4px 0px 4px" class="hierarchy"/><td style="vertical-align: top; text-align : left; background-color: white; border: 0px #F0F0F0 solid; padding:0px 4px 0px 4px" class="hierarchy"/></tr>
<tr style="border: 0px #F0F0F0 solid; padding:0px; vertical-align: top; background-color: white;"><td style="vertical-align: top; text-align : left; background-color: white; border: 0px #F0F0F0 solid; padding:0px 4px 0px 4px; white-space: nowrap; background-image: url(tbl_bck10.png)" class="hierarchy"><img src="tbl_spacer.png" alt="." style="background-color: inherit" class="hierarchy"/><img src="tbl_vjoin.png" alt="." style="background-color: inherit" class="hierarchy"/><img src="icon_reference.png" alt="." style="background-color: white; background-color: inherit" title="Reference to another Resource" class="hierarchy"/> <a href="qicore-familymemberhistory-definitions.html#FamilyMemberHistory.patient">patient</a><a name="FamilyMemberHistory.patient"> </a></td><td style="vertical-align: top; text-align : left; background-color: white; border: 0px #F0F0F0 solid; padding:0px 4px 0px 4px" class="hierarchy"><span style="padding: 3px; color: white; background-color: red" title="This element must be supported">S</span></td><td style="vertical-align: top; text-align : left; background-color: white; border: 0px #F0F0F0 solid; padding:0px 4px 0px 4px" class="hierarchy"><span style="opacity: 0.4">1</span><span style="opacity: 0.5">..</span><span style="opacity: 0.4">1</span></td><td style="vertical-align: top; text-align : left; background-color: white; border: 0px #F0F0F0 solid; padding:0px 4px 0px 4px" class="hierarchy"><a href="http://hl7.org/fhir/STU3/references.html">Reference</a>(<a href="qicore-patient.html">QICore-Patient</a>)</td><td style="vertical-align: top; text-align : left; background-color: white; border: 0px #F0F0F0 solid; padding:0px 4px 0px 4px" class="hierarchy"/></tr>
<tr style="border: 0px #F0F0F0 solid; padding:0px; vertical-align: top; background-color: white;"><td style="vertical-align: top; text-align : left; background-color: white; border: 0px #F0F0F0 solid; padding:0px 4px 0px 4px; white-space: nowrap; background-image: url(tbl_bck10.png)" class="hierarchy"><img src="tbl_spacer.png" alt="." style="background-color: inherit" class="hierarchy"/><img src="tbl_vjoin.png" alt="." style="background-color: inherit" class="hierarchy"/><img src="icon_element.gif" alt="." style="background-color: white; background-color: inherit" title="Element" class="hierarchy"/> <a href="qicore-familymemberhistory-definitions.html#FamilyMemberHistory.date">date</a><a name="FamilyMemberHistory.date"> </a></td><td style="vertical-align: top; text-align : left; background-color: white; border: 0px #F0F0F0 solid; padding:0px 4px 0px 4px" class="hierarchy"><span style="padding: 3px; color: white; background-color: red" title="This element must be supported">S</span></td><td style="vertical-align: top; text-align : left; background-color: white; border: 0px #F0F0F0 solid; padding:0px 4px 0px 4px" class="hierarchy"><span style="opacity: 0.4">0</span><span style="opacity: 0.5">..</span><span style="opacity: 0.4">1</span></td><td style="vertical-align: top; text-align : left; background-color: white; border: 0px #F0F0F0 solid; padding:0px 4px 0px 4px" class="hierarchy"><a style="opacity: 0.4" href="http://hl7.org/fhir/STU3/datatypes.html#dateTime">dateTime</a></td><td style="vertical-align: top; text-align : left; background-color: white; border: 0px #F0F0F0 solid; padding:0px 4px 0px 4px" class="hierarchy"/></tr>
<tr style="border: 0px #F0F0F0 solid; padding:0px; vertical-align: top; background-color: white;"><td style="vertical-align: top; text-align : left; background-color: white; border: 0px #F0F0F0 solid; padding:0px 4px 0px 4px; white-space: nowrap; background-image: url(tbl_bck10.png)" class="hierarchy"><img src="tbl_spacer.png" alt="." style="background-color: inherit" class="hierarchy"/><img src="tbl_vjoin.png" alt="." style="background-color: inherit" class="hierarchy"/><img src="icon_element.gif" alt="." style="background-color: white; background-color: inherit" title="Element" class="hierarchy"/> <a href="qicore-familymemberhistory-definitions.html#FamilyMemberHistory.relationship">relationship</a><a name="FamilyMemberHistory.relationship"> </a></td><td style="vertical-align: top; text-align : left; background-color: white; border: 0px #F0F0F0 solid; padding:0px 4px 0px 4px" class="hierarchy"><span style="padding: 3px; color: white; background-color: red" title="This element must be supported">S</span></td><td style="vertical-align: top; text-align : left; background-color: white; border: 0px #F0F0F0 solid; padding:0px 4px 0px 4px" class="hierarchy"><span style="opacity: 0.4">1</span><span style="opacity: 0.5">..</span><span style="opacity: 0.4">1</span></td><td style="vertical-align: top; text-align : left; background-color: white; border: 0px #F0F0F0 solid; padding:0px 4px 0px 4px" class="hierarchy"><a style="opacity: 0.4" href="http://hl7.org/fhir/STU3/datatypes.html#CodeableConcept">CodeableConcept</a></td><td style="vertical-align: top; text-align : left; background-color: white; border: 0px #F0F0F0 solid; padding:0px 4px 0px 4px" class="hierarchy"><span style="font-weight:bold">Binding: </span><a href="http://hl7.org/fhir/STU3/v3/FamilyMember/vs.html">FamilyMember</a> (<a href="http://hl7.org/fhir/STU3/terminologies.html#example" title="Instances are not expected or even encouraged to draw from the specified value set.  The value set merely provides examples of the types of concepts intended to be included.">example</a>)</td></tr>
<tr style="border: 0px #F0F0F0 solid; padding:0px; vertical-align: top; background-color: white;"><td style="vertical-align: top; text-align : left; background-color: white; border: 0px #F0F0F0 solid; padding:0px 4px 0px 4px; white-space: nowrap; background-image: url(tbl_bck10.png)" class="hierarchy"><img src="tbl_spacer.png" alt="." style="background-color: inherit" class="hierarchy"/><img src="tbl_vjoin.png" alt="." style="background-color: inherit" class="hierarchy"/><img src="icon_element.gif" alt="." style="background-color: white; background-color: inherit" title="Element" class="hierarchy"/> <a href="qicore-familymemberhistory-definitions.html#FamilyMemberHistory.age[x]">age[x]</a><a name="FamilyMemberHistory.age_x_"> </a></td><td style="vertical-align: top; text-align : left; background-color: white; border: 0px #F0F0F0 solid; padding:0px 4px 0px 4px" class="hierarchy"><span style="padding: 3px; color: white; background-color: red" title="This element must be supported">S</span></td><td style="vertical-align: top; text-align : left; background-color: white; border: 0px #F0F0F0 solid; padding:0px 4px 0px 4px" class="hierarchy"><span style="opacity: 0.4">0</span><span style="opacity: 0.5">..</span><span style="opacity: 0.4">1</span></td><td style="vertical-align: top; text-align : left; background-color: white; border: 0px #F0F0F0 solid; padding:0px 4px 0px 4px" class="hierarchy"><a style="opacity: 0.4" href="http://hl7.org/fhir/STU3/datatypes.html#Age">Age</a><span style="opacity: 0.4">, </span><a style="opacity: 0.4" href="http://hl7.org/fhir/STU3/datatypes.html#Range">Range</a><span style="opacity: 0.4">, </span><a style="opacity: 0.4" href="http://hl7.org/fhir/STU3/datatypes.html#string">string</a></td><td style="vertical-align: top; text-align : left; background-color: white; border: 0px #F0F0F0 solid; padding:0px 4px 0px 4px" class="hierarchy"/></tr>
<tr style="border: 0px #F0F0F0 solid; padding:0px; vertical-align: top; background-color: white;"><td style="vertical-align: top; text-align : left; background-color: white; border: 0px #F0F0F0 solid; padding:0px 4px 0px 4px; white-space: nowrap; background-image: url(tbl_bck10.png)" class="hierarchy"><img src="tbl_spacer.png" alt="." style="background-color: inherit" class="hierarchy"/><img src="tbl_vjoin.png" alt="." style="background-color: inherit" class="hierarchy"/><img src="icon_element.gif" alt="." style="background-color: white; background-color: inherit" title="Element" class="hierarchy"/> <a href="qicore-familymemberhistory-definitions.html#FamilyMemberHistory.deceased[x]">deceased[x]</a><a name="FamilyMemberHistory.deceased_x_"> </a></td><td style="vertical-align: top; text-align : left; background-color: white; border: 0px #F0F0F0 solid; padding:0px 4px 0px 4px" class="hierarchy"><span style="padding: 3px; color: white; background-color: red" title="This element must be supported">S</span></td><td style="vertical-align: top; text-align : left; background-color: white; border: 0px #F0F0F0 solid; padding:0px 4px 0px 4px" class="hierarchy"><span style="opacity: 0.4">0</span><span style="opacity: 0.5">..</span><span style="opacity: 0.4">1</span></td><td style="vertical-align: top; text-align : left; background-color: white; border: 0px #F0F0F0 solid; padding:0px 4px 0px 4px" class="hierarchy"><a style="opacity: 0.4" href="http://hl7.org/fhir/STU3/datatypes.html#boolean">boolean</a><span style="opacity: 0.4">, </span><a style="opacity: 0.4" href="http://hl7.org/fhir/STU3/datatypes.html#Age">Age</a><span style="opacity: 0.4">, </span><a style="opacity: 0.4" href="http://hl7.org/fhir/STU3/datatypes.html#Range">Range</a><span style="opacity: 0.4">, </span><a style="opacity: 0.4" href="http://hl7.org/fhir/STU3/datatypes.html#date">date</a><span style="opacity: 0.4">, </span><a style="opacity: 0.4" href="http://hl7.org/fhir/STU3/datatypes.html#string">string</a></td><td style="vertical-align: top; text-align : left; background-color: white; border: 0px #F0F0F0 solid; padding:0px 4px 0px 4px" class="hierarchy"/></tr>
<tr style="border: 0px #F0F0F0 solid; padding:0px; vertical-align: top; background-color: white;"><td style="vertical-align: top; text-align : left; background-color: white; border: 0px #F0F0F0 solid; padding:0px 4px 0px 4px; white-space: nowrap; background-image: url(tbl_bck01.png)" class="hierarchy"><img src="tbl_spacer.png" alt="." style="background-color: inherit" class="hierarchy"/><img src="tbl_vjoin_end.png" alt="." style="background-color: inherit" class="hierarchy"/><img src="icon_element.gif" alt="." style="background-color: white; background-color: inherit" title="Element" class="hierarchy"/> <a href="qicore-familymemberhistory-definitions.html#FamilyMemberHistory.condition">condition</a><a name="FamilyMemberHistory.condition"> </a></td><td style="vertical-align: top; text-align : left; background-color: white; border: 0px #F0F0F0 solid; padding:0px 4px 0px 4px" class="hierarchy"/><td style="vertical-align: top; text-align : left; background-color: white; border: 0px #F0F0F0 solid; padding:0px 4px 0px 4px" class="hierarchy"><span style="opacity: 0.4">0</span><span style="opacity: 0.5">..</span><span style="opacity: 0.4">*</span></td><td style="vertical-align: top; text-align : left; background-color: white; border: 0px #F0F0F0 solid; padding:0px 4px 0px 4px" class="hierarchy"><a style="opacity: 0.4" href="http://hl7.org/fhir/STU3/datatypes.html#BackboneElement">BackboneElement</a></td><td style="vertical-align: top; text-align : left; background-color: white; border: 0px #F0F0F0 solid; padding:0px 4px 0px 4px" class="hierarchy"/></tr>
<tr style="border: 0px #F0F0F0 solid; padding:0px; vertical-align: top; background-color: white;"><td style="vertical-align: top; text-align : left; background-color: white; border: 0px #F0F0F0 solid; padding:0px 4px 0px 4px; white-space: nowrap; background-image: url(tbl_bck010.png)" class="hierarchy"><img src="tbl_spacer.png" alt="." style="background-color: inherit" class="hierarchy"/><img src="tbl_blank.png" alt="." style="background-color: inherit" class="hierarchy"/><img src="tbl_vjoin.png" alt="." style="background-color: inherit" class="hierarchy"/><img src="icon_element.gif" alt="." style="background-color: white; background-color: inherit" title="Element" class="hierarchy"/> <a href="qicore-familymemberhistory-definitions.html#FamilyMemberHistory.condition.code">code</a><a name="FamilyMemberHistory.condition.code"> </a></td><td style="vertical-align: top; text-align : left; background-color: white; border: 0px #F0F0F0 solid; padding:0px 4px 0px 4px" class="hierarchy"><span style="padding: 3px; color: white; background-color: red" title="This element must be supported">S</span></td><td style="vertical-align: top; text-align : left; background-color: white; border: 0px #F0F0F0 solid; padding:0px 4px 0px 4px" class="hierarchy"><span style="opacity: 0.4">1</span><span style="opacity: 0.5">..</span><span style="opacity: 0.4">1</span></td><td style="vertical-align: top; text-align : left; background-color: white; border: 0px #F0F0F0 solid; padding:0px 4px 0px 4px" class="hierarchy"><a style="opacity: 0.4" href="http://hl7.org/fhir/STU3/datatypes.html#CodeableConcept">CodeableConcept</a></td><td style="vertical-align: top; text-align : left; background-color: white; border: 0px #F0F0F0 solid; padding:0px 4px 0px 4px" class="hierarchy"><span style="font-weight:bold">Binding: </span><a href="http://hl7.org/fhir/us/core/ValueSet-us-core-problem.html">Problem Value Set</a> (<a href="http://hl7.org/fhir/STU3/terminologies.html#preferred" title="Instances are encouraged to draw from the specified codes for interoperability purposes but are not required to do so to be considered conformant.">preferred</a>)</td></tr>
<tr style="border: 0px #F0F0F0 solid; padding:0px; vertical-align: top; background-color: white;"><td style="vertical-align: top; text-align : left; background-color: white; border: 0px #F0F0F0 solid; padding:0px 4px 0px 4px; white-space: nowrap; background-image: url(tbl_bck010.png)" class="hierarchy"><img src="tbl_spacer.png" alt="." style="background-color: inherit" class="hierarchy"/><img src="tbl_blank.png" alt="." style="background-color: inherit" class="hierarchy"/><img src="tbl_vjoin.png" alt="." style="background-color: inherit" class="hierarchy"/><img src="icon_element.gif" alt="." style="background-color: white; background-color: inherit" title="Element" class="hierarchy"/> <a href="qicore-familymemberhistory-definitions.html#FamilyMemberHistory.condition.onset[x]">onset[x]</a><a name="FamilyMemberHistory.condition.onset_x_"> </a></td><td style="vertical-align: top; text-align : left; background-color: white; border: 0px #F0F0F0 solid; padding:0px 4px 0px 4px" class="hierarchy"/><td style="vertical-align: top; text-align : left; background-color: white; border: 0px #F0F0F0 solid; padding:0px 4px 0px 4px" class="hierarchy"><span style="opacity: 0.4">0</span><span style="opacity: 0.5">..</span><span style="opacity: 0.4">1</span></td><td style="vertical-align: top; text-align : left; background-color: white; border: 0px #F0F0F0 solid; padding:0px 4px 0px 4px" class="hierarchy"><a style="opacity: 0.4" href="http://hl7.org/fhir/STU3/datatypes.html#Age">Age</a><span style="opacity: 0.4">, </span><a style="opacity: 0.4" href="http://hl7.org/fhir/STU3/datatypes.html#Range">Range</a><span style="opacity: 0.4">, </span><a style="opacity: 0.4" href="http://hl7.org/fhir/STU3/datatypes.html#Period">Period</a><span style="opacity: 0.4">, </span><a style="opacity: 0.4" href="http://hl7.org/fhir/STU3/datatypes.html#string">string</a></td><td style="vertical-align: top; text-align : left; background-color: white; border: 0px #F0F0F0 solid; padding:0px 4px 0px 4px" class="hierarchy"/></tr>
<tr style="border: 0px #F0F0F0 solid; padding:0px; vertical-align: top; background-color: white;"><td style="vertical-align: top; text-align : left; background-color: white; border: 0px #F0F0F0 solid; padding:0px 4px 0px 4px; white-space: nowrap; background-image: url(tbl_bck010.png)" class="hierarchy"><img src="tbl_spacer.png" alt="." style="background-color: inherit" class="hierarchy"/><img src="tbl_blank.png" alt="." style="background-color: inherit" class="hierarchy"/><img src="tbl_vjoin.png" alt="." style="background-color: inherit" class="hierarchy"/><img src="icon_extension_simple.png" alt="." style="background-color: white; background-color: inherit" title="Simple Extension" class="hierarchy"/> <a href="qicore-familymemberhistory-definitions.html#FamilyMemberHistory.condition.extension:condition-abatement" title="Extension URL = http://hl7.org/fhir/StructureDefinition/familymemberhistory-abatement">familymemberhistory-abatement</a><a name="FamilyMemberHistory.condition.extension"> </a></td><td style="vertical-align: top; text-align : left; background-color: white; border: 0px #F0F0F0 solid; padding:0px 4px 0px 4px" class="hierarchy"/><td style="vertical-align: top; text-align : left; background-color: white; border: 0px #F0F0F0 solid; padding:0px 4px 0px 4px" class="hierarchy"><span style="opacity: 0.4">0</span>..<span style="opacity: 0.4">1</span></td><td style="vertical-align: top; text-align : left; background-color: white; border: 0px #F0F0F0 solid; padding:0px 4px 0px 4px" class="hierarchy"><a href="http://hl7.org/fhir/STU3/datatypes.html#date">date</a>, <a href="http://hl7.org/fhir/STU3/datatypes.html#Age">Age</a>, <a href="http://hl7.org/fhir/STU3/datatypes.html#boolean">boolean</a></td><td style="vertical-align: top; text-align : left; background-color: white; border: 0px #F0F0F0 solid; padding:0px 4px 0px 4px" class="hierarchy">When (or if) the family member&#39;s condition resolved<br/><span style="font-weight:bold">URL: </span><a href="http://hl7.org/fhir/STU3/extension-familymemberhistory-abatement.html">http://hl7.org/fhir/StructureDefinition/familymemberhistory-abatement</a></td></tr>
<tr style="border: 0px #F0F0F0 solid; padding:0px; vertical-align: top; background-color: white;"><td style="vertical-align: top; text-align : left; background-color: white; border: 0px #F0F0F0 solid; padding:0px 4px 0px 4px; white-space: nowrap; background-image: url(tbl_bck000.png)" class="hierarchy"><img src="tbl_spacer.png" alt="." style="background-color: inherit" class="hierarchy"/><img src="tbl_blank.png" alt="." style="background-color: inherit" class="hierarchy"/><img src="tbl_vjoin_end.png" alt="." style="background-color: inherit" class="hierarchy"/><img src="icon_extension_simple.png" alt="." style="background-color: white; background-color: inherit" title="Simple Extension" class="hierarchy"/> <a href="qicore-familymemberhistory-definitions.html#FamilyMemberHistory.condition.extension:condition-severity" title="Extension URL = http://hl7.org/fhir/StructureDefinition/familymemberhistory-severity">familymemberhistory-severity</a><a name="FamilyMemberHistory.condition.extension"> </a></td><td style="vertical-align: top; text-align : left; background-color: white; border: 0px #F0F0F0 solid; padding:0px 4px 0px 4px" class="hierarchy"/><td style="vertical-align: top; text-align : left; background-color: white; border: 0px #F0F0F0 solid; padding:0px 4px 0px 4px" class="hierarchy"><span style="opacity: 0.4">0</span>..<span style="opacity: 0.4">1</span></td><td style="vertical-align: top; text-align : left; background-color: white; border: 0px #F0F0F0 solid; padding:0px 4px 0px 4px" class="hierarchy"><a href="http://hl7.org/fhir/STU3/datatypes.html#CodeableConcept">CodeableConcept</a></td><td style="vertical-align: top; text-align : left; background-color: white; border: 0px #F0F0F0 solid; padding:0px 4px 0px 4px" class="hierarchy">The seriousness of the family member condition<br/><span style="font-weight:bold">URL: </span><a href="http://hl7.org/fhir/STU3/extension-familymemberhistory-severity.html">http://hl7.org/fhir/StructureDefinition/familymemberhistory-severity</a><br/><span style="font-weight:bold">Binding: </span><a href="http://hl7.org/fhir/STU3/valueset-condition-severity.html">Condition/Diagnosis Severity</a> (<a href="http://hl7.org/fhir/STU3/terminologies.html#example" title="Instances are not expected or even encouraged to draw from the specified value set.  The value set merely provides examples of the types of concepts intended to be included.">example</a>)</td></tr>
<tr><td colspan="5" class="hierarchy"><br/><a href="http://hl7.org/fhir/STU3/formats.html#table" title="Legend for this format"><img src="http://hl7.org/fhir/STU3/help16.png" alt="doco" style="background-color: inherit"/> Documentation for this format</a></td></tr></table></div></text><url value="http://hl7.org/fhir/us/qicore/StructureDefinition/qicore-familymemberhistory"/><version value="0.1"/><name value="QICore-FamilyMemberHistory"/><status value="draft"/><date value="2017-08-21"/><publisher value="Health Level Seven International (Clinical Quality Information - QICore)"/><contact><telecom><system value="url"/><value value="http://hl7.org/special/committees/CQI"/></telecom></contact><fhirVersion value="3.0.1"/><mapping><identity value="qdm"/><uri value="http://www.healthit.gov/quality-data-model"/><name value="Quality Data Model"/></mapping><mapping><identity value="v2"/><uri value="http://hl7.org/v2"/><name value="HL7 v2 Mapping"/></mapping><mapping><identity value="rim"/><uri value="http://hl7.org/v3"/><name value="RIM Mapping"/></mapping><mapping><identity value="w5"/><uri value="http://hl7.org/fhir/w5"/><name value="W5 Mapping"/></mapping><kind value="resource"/><abstract value="false"/><type value="FamilyMemberHistory"/><baseDefinition value="http://hl7.org/fhir/StructureDefinition/FamilyMemberHistory"/><derivation value="constraint"/><snapshot><element id="FamilyMemberHistory"><path value="FamilyMemberHistory"/><short value="Information about patient&#39;s relatives, relevant for patient"/><definition value="Significant health events and conditions for a person related to the patient relevant in the context of care for the patient."/><min value="0"/><max value="*"/><base><path value="FamilyMemberHistory"/><min value="0"/><max value="*"/></base><constraint><key value="dom-2"/><severity value="error"/><human value="If the resource is contained in another resource, it SHALL NOT contain nested Resources"/><expression value="contained.contained.empty()"/><xpath value="not(parent::f:contained and f:contained)"/><source value="DomainResource"/></constraint><constraint><key value="dom-1"/><severity value="error"/><human value="If the resource is contained in another resource, it SHALL NOT contain any narrative"/><expression value="contained.text.empty()"/><xpath value="not(parent::f:contained and f:text)"/><source value="DomainResource"/></constraint><constraint><key value="dom-4"/><severity value="error"/><human value="If a resource is contained in another resource, it SHALL NOT have a meta.versionId or a meta.lastUpdated"/><expression value="contained.meta.versionId.empty() and contained.meta.lastUpdated.empty()"/><xpath value="not(exists(f:contained/*/f:meta/f:versionId)) and not(exists(f:contained/*/f:meta/f:lastUpdated))"/><source value="DomainResource"/></constraint><constraint><key value="dom-3"/><severity value="error"/><human value="If the resource is contained in another resource, it SHALL be referred to from elsewhere in the resource"/><expression value="contained.where((&#39;#&#39;+id in %resource.descendants().reference).not()).empty()"/><xpath value="not(exists(for $id in f:contained/*/@id return $id[not(ancestor::f:contained/parent::*/descendant::f:reference/@value=concat(&#39;#&#39;, $id))]))"/><source value="DomainResource"/></constraint><constraint><key value="fhs-2"/><severity value="error"/><human value="Can only have estimatedAge if age[x] is present"/><expression value="age.exists() or estimatedAge.empty()"/><xpath value="exists(*[starts-with(local-name(.), &#39;age&#39;)]) or not(exists(f:estimatedAge))"/><source value="FamilyMemberHistory"/></constraint><constraint><key value="fhs-3"/><severity value="error"/><human value="Not Done Reason can only be specified if NotDone is &quot;true&quot;"/><expression value="notDone or notDoneReason.exists().not()"/><xpath value="f:notDone/@value=true() or not(exists(f:notDoneReason))"/><source value="FamilyMemberHistory"/></constraint><constraint><key value="fhs-1"/><severity value="error"/><human value="Can have age[x] or born[x], but not both"/><expression value="age.empty() or born.empty()"/><xpath value="not (*[starts-with(local-name(.), &#39;age&#39;)] and *[starts-with(local-name(.), &#39;birth&#39;)])"/><source value="FamilyMemberHistory"/></constraint><mustSupport value="false"/><mapping><identity value="rim"/><map value="Entity. Role, or Act"/></mapping><mapping><identity value="v2"/><map value="Not in scope for v2"/></mapping><mapping><identity value="rim"/><map value="Observation[classCode=OBS, moodCode=EVN]"/></mapping><mapping><identity value="w5"/><map value="clinical.general"/></mapping><mapping><identity value="qdm"/><map value="Diagnosis, Family History"/></mapping></element><element id="FamilyMemberHistory.id"><path value="FamilyMemberHistory.id"/><short value="Logical id of this artifact"/><definition value="The logical id of the resource, as used in the URL for the resource. Once assigned, this value never changes."/><comment value="The only time that a resource does not have an id is when it is being submitted to the server using a create operation."/><min value="0"/><max value="1"/><base><path value="Resource.id"/><min value="0"/><max value="1"/></base><type><code value="id"/></type><isSummary value="true"/></element><element id="FamilyMemberHistory.meta"><path value="FamilyMemberHistory.meta"/><short value="Metadata about the resource"/><definition value="The metadata about the resource. This is content that is maintained by the infrastructure. Changes to the content may not always be associated with version changes to the resource."/><min value="0"/><max value="1"/><base><path value="Resource.meta"/><min value="0"/><max value="1"/></base><type><code value="Meta"/></type><isSummary value="true"/></element><element id="FamilyMemberHistory.implicitRules"><path value="FamilyMemberHistory.implicitRules"/><short value="A set of rules under which this content was created"/><definition value="A reference to a set of rules that were followed when the resource was constructed, and which must be understood when processing the content."/><comment value="Asserting this rule set restricts the content to be only understood by a limited set of trading partners. This inherently limits the usefulness of the data in the long term. However, the existing health eco-system is highly fractured, and not yet ready to define, collect, and exchange data in a generally computable sense. Wherever possible, implementers and/or specification writers should avoid using this element. &#xA;&#xA;This element is labelled as a modifier because the implicit rules may provide additional knowledge about the resource that modifies it&#39;s meaning or interpretation."/><min value="0"/><max value="1"/><base><path value="Resource.implicitRules"/><min value="0"/><max value="1"/></base><type><code value="uri"/></type><isModifier value="true"/><isSummary value="true"/></element><element id="FamilyMemberHistory.language"><path value="FamilyMemberHistory.language"/><short value="Language of the resource content"/><definition value="The base language in which the resource is written."/><comment value="Language is provided to support indexing and accessibility (typically, services such as text to speech use the language tag). The html language tag in the narrative applies  to the narrative. The language tag on the resource may be used to specify the language of other presentations generated from the data in the resource  Not all the content has to be in the base language. The Resource.language should not be assumed to apply to the narrative automatically. If a language is specified, it should it also be specified on the div element in the html (see rules in HTML5 for information about the relationship between xml:lang and the html lang attribute)."/><min value="0"/><max value="1"/><base><path value="Resource.language"/><min value="0"/><max value="1"/></base><type><code value="code"/></type><binding><extension url="http://hl7.org/fhir/StructureDefinition/elementdefinition-maxValueSet"><valueReference><reference value="http://hl7.org/fhir/ValueSet/all-languages"/></valueReference></extension><extension url="http://hl7.org/fhir/StructureDefinition/elementdefinition-bindingName"><valueString value="Language"/></extension><extension url="http://hl7.org/fhir/StructureDefinition/elementdefinition-isCommonBinding"><valueBoolean value="true"/></extension><strength value="extensible"/><description value="A human language."/><valueSetReference><reference value="http://hl7.org/fhir/ValueSet/languages"/></valueSetReference></binding></element><element id="FamilyMemberHistory.text"><path value="FamilyMemberHistory.text"/><short value="Text summary of the resource, for human interpretation"/><definition value="A human-readable narrative that contains a summary of the resource, and may be used to represent the content of the resource to a human. The narrative need not encode all the structured data, but is required to contain sufficient detail to make it &quot;clinically safe&quot; for a human to just read the narrative. Resource definitions may define what content should be represented in the narrative to ensure clinical safety."/><comment value="Contained resources do not have narrative. Resources that are not contained SHOULD have a narrative. In some cases, a resource may only have text with little or no additional discrete data (as long as all minOccurs=1 elements are satisfied).  This may be necessary for data from legacy systems where information is captured as a &quot;text blob&quot; or where text is additionally entered raw or narrated and encoded in formation is added later."/><alias value="narrative"/><alias value="html"/><alias value="xhtml"/><alias value="display"/><min value="0"/><max value="1"/><base><path value="DomainResource.text"/><min value="0"/><max value="1"/></base><type><code value="Narrative"/></type><condition value="dom-1"/><mapping><identity value="rim"/><map value="Act.text?"/></mapping></element><element id="FamilyMemberHistory.contained"><path value="FamilyMemberHistory.contained"/><short value="Contained, inline Resources"/><definition value="These resources do not have an independent existence apart from the resource that contains them - they cannot be identified independently, and nor can they have their own independent transaction scope."/><comment value="This should never be done when the content can be identified properly, as once identification is lost, it is extremely difficult (and context dependent) to restore it again."/><alias value="inline resources"/><alias value="anonymous resources"/><alias value="contained resources"/><min value="0"/><max value="*"/><base><path value="DomainResource.contained"/><min value="0"/><max value="*"/></base><type><code value="Resource"/></type><mapping><identity value="rim"/><map value="N/A"/></mapping></element><element id="FamilyMemberHistory.extension"><path value="FamilyMemberHistory.extension"/><short value="Additional Content defined by implementations"/><definition value="May be used to represent additional information that is not part of the basic definition of the resource. In order to make the use of extensions safe and manageable, there is a strict set of governance  applied to the definition and use of extensions. Though any implementer is allowed to define an extension, there is a set of requirements that SHALL be met as part of the definition of the extension."/><comment value="There can be no stigma associated with the use of extensions by any application, project, or standard - regardless of the institution or jurisdiction that uses or defines the extensions.  The use of extensions is what allows the FHIR specification to retain a core level of simplicity for everyone."/><alias value="extensions"/><alias value="user content"/><min value="0"/><max value="*"/><base><path value="DomainResource.extension"/><min value="0"/><max value="*"/></base><type><code value="Extension"/></type><mapping><identity value="rim"/><map value="N/A"/></mapping></element><element id="FamilyMemberHistory.modifierExtension"><path value="FamilyMemberHistory.modifierExtension"/><short value="Extensions that cannot be ignored"/><definition value="May be used to represent additional information that is not part of the basic definition of the resource, and that modifies the understanding of the element that contains it. Usually modifier elements provide negation or qualification. In order to make the use of extensions safe and manageable, there is a strict set of governance applied to the definition and use of extensions. Though any implementer is allowed to define an extension, there is a set of requirements that SHALL be met as part of the definition of the extension. Applications processing a resource are required to check for modifier extensions."/><comment value="There can be no stigma associated with the use of extensions by any application, project, or standard - regardless of the institution or jurisdiction that uses or defines the extensions.  The use of extensions is what allows the FHIR specification to retain a core level of simplicity for everyone."/><alias value="extensions"/><alias value="user content"/><min value="0"/><max value="*"/><base><path value="DomainResource.modifierExtension"/><min value="0"/><max value="*"/></base><type><code value="Extension"/></type><isModifier value="true"/><mapping><identity value="rim"/><map value="N/A"/></mapping></element><element id="FamilyMemberHistory.identifier"><path value="FamilyMemberHistory.identifier"/><short value="External Id(s) for this record"/><definition value="This records identifiers associated with this family member history record that are defined by business processes and/ or used to refer to it when a direct URL reference to the resource itself is not appropriate (e.g. in CDA documents, or in written / printed documentation)."/><requirements value="Need to allow connection to a wider workflow."/><min value="0"/><max value="*"/><base><path value="FamilyMemberHistory.identifier"/><min value="0"/><max value="*"/></base><type><code value="Identifier"/></type><isSummary value="true"/><mapping><identity value="rim"/><map value="id"/></mapping><mapping><identity value="w5"/><map value="id"/></mapping></element><element id="FamilyMemberHistory.definition"><path value="FamilyMemberHistory.definition"/><short value="Instantiates protocol or definition"/><definition value="A protocol or questionnaire that was adhered to in whole or in part by this event."/><min value="0"/><max value="*"/><base><path value="FamilyMemberHistory.definition"/><min value="0"/><max value="*"/></base><type><code value="Reference"/><targetProfile value="http://hl7.org/fhir/StructureDefinition/PlanDefinition"/></type><type><code value="Reference"/><targetProfile value="http://hl7.org/fhir/StructureDefinition/Questionnaire"/></type><isSummary value="true"/><mapping><identity value="rim"/><map value=".outboundRelationship[typeCode=DEFN].target"/></mapping></element><element id="FamilyMemberHistory.status"><path value="FamilyMemberHistory.status"/><short value="partial | completed | entered-in-error | health-unknown"/><definition value="A code specifying the status of the record of the family history of a specific family member."/><comment value="This element is labeled as a modifier because the status contains codes that mark the resource as not currently valid."/><min value="1"/><max value="1"/><base><path value="FamilyMemberHistory.status"/><min value="1"/><max value="1"/></base><type><code value="code"/></type><isModifier value="true"/><isSummary value="true"/><binding><extension url="http://hl7.org/fhir/StructureDefinition/elementdefinition-bindingName"><valueString value="FamilyHistoryStatus"/></extension><strength value="required"/><description value="A code that identifies the status of the family history record."/><valueSetReference><reference value="http://hl7.org/fhir/ValueSet/history-status"/></valueSetReference></binding><mapping><identity value="w5"/><map value="status"/></mapping></element><element id="FamilyMemberHistory.notDone"><path value="FamilyMemberHistory.notDone"/><short value="The taking of a family member&#39;s history did not occur"/><definition value="If true, indicates the taking of an individual family member&#39;s history did not occur. The notDone element should not be used to document negated conditions, such as a family member that did not have a condition."/><comment value="This element is labeled as a modifier because it marks the family member history as a family member history that did not occur.  The more attributes are populated, the more constrained the negated statement is.  This notDone element is being evaluated and will likely be removed in a subsequent release."/><requirements value="Creating a FamilyMemberHistory where notDone is true is intended for situations where there&#39;s a need for a specific statement in the record about something not being done.  If the need is merely to indicate that a request wasn&#39;t fulfilled, that should be handled using Task."/><min value="0"/><max value="1"/><base><path value="FamilyMemberHistory.notDone"/><min value="0"/><max value="1"/></base><type><code value="boolean"/></type><defaultValueBoolean value="false"/><isModifier value="true"/><isSummary value="true"/><mapping><identity value="rim"/><map value=".actionNegationInd"/></mapping></element><element id="FamilyMemberHistory.notDoneReason"><path value="FamilyMemberHistory.notDoneReason"/><short value="subject-unknown | withheld | unable-to-obtain | deferred"/><definition value="Describes why the family member&#39;s history is absent."/><comment value="This notDoneReason element is being evaluated and will likely be replaced in a subsequent release (e.g. dataAbsentReason)."/><requirements value="This is a separate element to allow it to have a distinct binding from reasonCode."/><min value="0"/><max value="1"/><base><path value="FamilyMemberHistory.notDoneReason"/><min value="0"/><max value="1"/></base><type><code value="CodeableConcept"/></type><condition value="fhs-3"/><isSummary value="true"/><binding><extension url="http://hl7.org/fhir/StructureDefinition/elementdefinition-bindingName"><valueString value="FamilyHistoryNotDoneReason"/></extension><strength value="example"/><description value="Codes describing the reason why a family member history was not done."/><valueSetReference><reference value="http://hl7.org/fhir/ValueSet/history-not-done-reason"/></valueSetReference></binding><mapping><identity value="rim"/><map value=".reasonCode"/></mapping></element><element id="FamilyMemberHistory.patient"><path value="FamilyMemberHistory.patient"/><short value="Patient history is about"/><definition value="The person who this history concerns."/><alias value="Proband"/><min value="1"/><max value="1"/><base><path value="FamilyMemberHistory.patient"/><min value="1"/><max value="1"/></base><type><code value="Reference"/><targetProfile value="http://hl7.org/fhir/us/qicore/StructureDefinition/qicore-patient"/></type><mustSupport value="true"/><isSummary value="true"/><mapping><identity value="rim"/><map value="participation[typeCode=SBJ].role"/></mapping><mapping><identity value="w5"/><map value="who.focus"/></mapping></element><element id="FamilyMemberHistory.date"><path value="FamilyMemberHistory.date"/><short value="When history was captured/updated"/><definition value="The date (and possibly time) when the family member history was taken."/><comment value="This should be captured even if the same as the date on the List aggregating the full family history."/><requirements value="Allows determination of how current the summary is."/><min value="0"/><max value="1"/><base><path value="FamilyMemberHistory.date"/><min value="0"/><max value="1"/></base><type><code value="dateTime"/></type><mustSupport value="true"/><isSummary value="true"/><mapping><identity value="rim"/><map value="participation[typeCode=AUT].time"/></mapping><mapping><identity value="w5"/><map value="when.recorded"/></mapping></element><element id="FamilyMemberHistory.name"><path value="FamilyMemberHistory.name"/><short value="The family member described"/><definition value="This will either be a name or a description; e.g. &quot;Aunt Susan&quot;, &quot;my cousin with the red hair&quot;."/><requirements value="Allows greater ease in ensuring the same person is being talked about."/><min value="0"/><max value="1"/><base><path value="FamilyMemberHistory.name"/><min value="0"/><max value="1"/></base><type><code value="string"/></type><isSummary value="true"/><mapping><identity value="rim"/><map value="name"/></mapping></element><element id="FamilyMemberHistory.relationship"><path value="FamilyMemberHistory.relationship"/><short value="Relationship to the subject"/><definition value="The type of relationship this person has to the patient (father, mother, brother etc.)."/><min value="1"/><max value="1"/><base><path value="FamilyMemberHistory.relationship"/><min value="1"/><max value="1"/></base><type><code value="CodeableConcept"/></type><mustSupport value="true"/><isSummary value="true"/><binding><strength value="example"/><description value="A relationship between two people characterizing their &quot;familial&quot; relationship"/><valueSetReference><reference value="http://hl7.org/fhir/ValueSet/v3-FamilyMember"/></valueSetReference></binding><mapping><identity value="rim"/><map value="code"/></mapping></element><element id="FamilyMemberHistory.gender"><path value="FamilyMemberHistory.gender"/><short value="male | female | other | unknown"/><definition value="Administrative Gender - the gender that the relative is considered to have for administration and record keeping purposes."/><requirements value="Not all relationship codes imply gender and the relative&#39;s gender can be relevant for risk assessments."/><min value="0"/><max value="1"/><base><path value="FamilyMemberHistory.gender"/><min value="0"/><max value="1"/></base><type><code value="code"/></type><isSummary value="true"/><binding><extension url="http://hl7.org/fhir/StructureDefinition/elementdefinition-bindingName"><valueString value="AdministrativeGender"/></extension><extension url="http://hl7.org/fhir/StructureDefinition/elementdefinition-isCommonBinding"><valueBoolean value="true"/></extension><strength value="required"/><description value="The gender of a person used for administrative purposes."/><valueSetReference><reference value="http://hl7.org/fhir/ValueSet/administrative-gender"/></valueSetReference></binding></element><element id="FamilyMemberHistory.born[x]"><path value="FamilyMemberHistory.born[x]"/><short value="(approximate) date of birth"/><definition value="The actual or approximate date of birth of the relative."/><requirements value="Allows calculation of the relative&#39;s age."/><min value="0"/><max value="1"/><base><path value="FamilyMemberHistory.born[x]"/><min value="0"/><max value="1"/></base><type><code value="Period"/></type><type><code value="date"/></type><type><code value="string"/></type><condition value="fhs-1"/><mapping><identity value="rim"/><map value="player[classCode=LIV, determinerCode=INSTANCE]. birthDate (could be URG)"/></mapping></element><element id="FamilyMemberHistory.age[x]"><path value="FamilyMemberHistory.age[x]"/><short value="(approximate) age"/><definition value="The age of the relative at the time the family member history is recorded."/><comment value="use estimatedAge to indicate whether the age is actual or not."/><requirements value="While age can be calculated from date of birth, sometimes recording age directly is more natureal for clinicians."/><min value="0"/><max value="1"/><base><path value="FamilyMemberHistory.age[x]"/><min value="0"/><max value="1"/></base><type><code value="Age"/></type><type><code value="Range"/></type><type><code value="string"/></type><condition value="fhs-1"/><mustSupport value="true"/><isSummary value="true"/><mapping><identity value="rim"/><map value="participation[typeCode=SBJ].act[classCode=OBS,moodCode=EVN, code=&quot;age&quot;].value"/></mapping></element><element id="FamilyMemberHistory.estimatedAge"><path value="FamilyMemberHistory.estimatedAge"/><short value="Age is estimated?"/><definition value="If true, indicates that the age value specified is an estimated value."/><comment value="This element is labeled as a modifier because the fact tha age is estimated can/should change the results of any algorithm that calculates based on the specified age."/><requirements value="Clinicians often prefer to specify an estimaged age rather than an age range."/><min value="0"/><max value="1"/><base><path value="FamilyMemberHistory.estimatedAge"/><min value="0"/><max value="1"/></base><type><code value="boolean"/></type><meaningWhenMissing value="It is unknown whether the age is an estimate or not"/><condition value="fhs-2"/><isModifier value="true"/><isSummary value="true"/></element><element id="FamilyMemberHistory.deceased[x]"><path value="FamilyMemberHistory.deceased[x]"/><short value="Dead? How old/when?"/><definition value="Deceased flag or the actual or approximate age of the relative at the time of death for the family member history record."/><min value="0"/><max value="1"/><base><path value="FamilyMemberHistory.deceased[x]"/><min value="0"/><max value="1"/></base><type><code value="boolean"/></type><type><code value="Age"/></type><type><code value="Range"/></type><type><code value="date"/></type><type><code value="string"/></type><mustSupport value="true"/><isSummary value="true"/><mapping><identity value="rim"/><map value="player[classCode=LIV, determinerCode=INSTANCE].deceasedInd, deceasedDate (could be URG)  For age, you&#39;d hang an observation off the role"/></mapping></element><element id="FamilyMemberHistory.reasonCode"><path value="FamilyMemberHistory.reasonCode"/><short value="Why was family member history performed?"/><definition value="Describes why the family member history occurred in coded or textual form."/><comment value="Textual reasons can be caprued using reasonCode.text."/><min value="0"/><max value="*"/><base><path value="FamilyMemberHistory.reasonCode"/><min value="0"/><max value="*"/></base><type><code value="CodeableConcept"/></type><isSummary value="true"/><binding><extension url="http://hl7.org/fhir/StructureDefinition/elementdefinition-bindingName"><valueString value="FamilyHistoryReason"/></extension><strength value="example"/><description value="Codes indicating why the family member history was done."/><valueSetReference><reference value="http://hl7.org/fhir/ValueSet/clinical-findings"/></valueSetReference></binding><mapping><identity value="rim"/><map value=".reasonCode"/></mapping><mapping><identity value="w5"/><map value="why"/></mapping></element><element id="FamilyMemberHistory.reasonReference"><path value="FamilyMemberHistory.reasonReference"/><short value="Why was family member history performed?"/><definition value="Indicates a Condition, Observation, AllergyIntolerance, or QuestionnaireResponse that justifies this family member history event."/><min value="0"/><max value="*"/><base><path value="FamilyMemberHistory.reasonReference"/><min value="0"/><max value="*"/></base><type><code value="Reference"/><targetProfile value="http://hl7.org/fhir/StructureDefinition/Condition"/></type><type><code value="Reference"/><targetProfile value="http://hl7.org/fhir/StructureDefinition/Observation"/></type><type><code value="Reference"/><targetProfile value="http://hl7.org/fhir/StructureDefinition/AllergyIntolerance"/></type><type><code value="Reference"/><targetProfile value="http://hl7.org/fhir/StructureDefinition/QuestionnaireResponse"/></type><isSummary value="true"/><mapping><identity value="rim"/><map value=".outboundRelationship[typeCode=RSON].target"/></mapping><mapping><identity value="w5"/><map value="why"/></mapping></element><element id="FamilyMemberHistory.note"><path value="FamilyMemberHistory.note"/><short value="General note about related person"/><definition value="This property allows a non condition-specific note to the made about the related person. Ideally, the note would be in the condition property, but this is not always possible."/><min value="0"/><max value="*"/><base><path value="FamilyMemberHistory.note"/><min value="0"/><max value="*"/></base><type><code value="Annotation"/></type><mapping><identity value="rim"/><map value="inboundRelationship[typeCode=SUBJ].source[classCode=OBS, moodCode=EVN, code=ActCode#ANNGEN].value"/></mapping></element><element id="FamilyMemberHistory.condition"><path value="FamilyMemberHistory.condition"/><short value="Condition that the related person had"/><definition value="The significant Conditions (or condition) that the family member had. This is a repeating section to allow a system to represent more than one condition per resource, though there is nothing stopping multiple resources - one per condition."/><comment value="If none of the conditions listed have an outcome of &quot;death&quot; specified, that indicates that none of the specified conditions are known to have been the primary cause of death."/><min value="0"/><max value="*"/><base><path value="FamilyMemberHistory.condition"/><min value="0"/><max value="*"/></base><type><code value="BackboneElement"/></type><constraint><key value="ele-1"/><severity value="error"/><human value="All FHIR elements must have a @value or children"/><expression value="hasValue() | (children().count() &gt; id.count())"/><xpath value="@value|f:*|h:div"/><source value="Element"/></constraint><mustSupport value="false"/><mapping><identity value="rim"/><map value="inboundRelationship[typeCode=SUBJ].source[classCode=OBS, moodCode=EVN, code=ActCode#ASSERTION, value&lt;Diagnosis]"/></mapping></element><element id="FamilyMemberHistory.condition.id"><path value="FamilyMemberHistory.condition.id"/><representation value="xmlAttr"/><short value="xml:id (or equivalent in JSON)"/><definition value="unique id for the element within a resource (for internal references). This may be any string value that does not contain spaces."/><min value="0"/><max value="1"/><base><path value="Element.id"/><min value="0"/><max value="1"/></base><type><code value="string"/></type><mapping><identity value="rim"/><map value="n/a"/></mapping></element><element id="FamilyMemberHistory.condition.extension"><path value="FamilyMemberHistory.condition.extension"/><slicing id="3"><discriminator><type value="value"/><path value="url"/></discriminator><ordered value="false"/><rules value="open"/></slicing><short value="Extension"/><definition value="An Extension"/><min value="0"/><max value="*"/><base><path value="Element.extension"/><min value="0"/><max value="*"/></base><type><code value="Extension"/></type></element><element id="FamilyMemberHistory.condition.extension:condition-abatement"><path value="FamilyMemberHistory.condition.extension"/><sliceName value="condition-abatement"/><short value="Extension"/><definition value="An Extension"/><min value="0"/><max value="1"/><base><path value="Element.extension"/><min value="0"/><max value="*"/></base><type><code value="Extension"/><profile value="http://hl7.org/fhir/StructureDefinition/familymemberhistory-abatement"/></type><condition value="ele-1"/><constraint><key value="ele-1"/><severity value="error"/><human value="All FHIR elements must have a @value or children"/><expression value="hasValue() | (children().count() &gt; id.count())"/><xpath value="@value|f:*|h:div"/><source value="Element"/></constraint><constraint><key value="ext-1"/><severity value="error"/><human value="Must have either extensions or value[x], not both"/><expression value="extension.exists() != value.exists()"/><xpath value="exists(f:extension)!=exists(f:*[starts-with(local-name(.), &#39;value&#39;)])"/><source value="Extension"/></constraint><mustSupport value="false"/><isModifier value="false"/><mapping><identity value="qdm"/><map value="stop datetime"/></mapping></element><element id="FamilyMemberHistory.condition.extension:condition-severity"><path value="FamilyMemberHistory.condition.extension"/><sliceName value="condition-severity"/><short value="Extension"/><definition value="An Extension"/><min value="0"/><max value="1"/><base><path value="Element.extension"/><min value="0"/><max value="*"/></base><type><code value="Extension"/><profile value="http://hl7.org/fhir/StructureDefinition/familymemberhistory-severity"/></type><condition value="ele-1"/><constraint><key value="ele-1"/><severity value="error"/><human value="All FHIR elements must have a @value or children"/><expression value="hasValue() | (children().count() &gt; id.count())"/><xpath value="@value|f:*|h:div"/><source value="Element"/></constraint><constraint><key value="ext-1"/><severity value="error"/><human value="Must have either extensions or value[x], not both"/><expression value="extension.exists() != value.exists()"/><xpath value="exists(f:extension)!=exists(f:*[starts-with(local-name(.), &#39;value&#39;)])"/><source value="Extension"/></constraint><mustSupport value="false"/><isModifier value="false"/><mapping><identity value="qdm"/><map value="severity"/></mapping></element><element id="FamilyMemberHistory.condition.modifierExtension"><path value="FamilyMemberHistory.condition.modifierExtension"/><short value="Extensions that cannot be ignored"/><definition value="May be used to represent additional information that is not part of the basic definition of the element, and that modifies the understanding of the element that contains it. Usually modifier elements provide negation or qualification. In order to make the use of extensions safe and manageable, there is a strict set of governance applied to the definition and use of extensions. Though any implementer is allowed to define an extension, there is a set of requirements that SHALL be met as part of the definition of the extension. Applications processing a resource are required to check for modifier extensions."/><comment value="There can be no stigma associated with the use of extensions by any application, project, or standard - regardless of the institution or jurisdiction that uses or defines the extensions.  The use of extensions is what allows the FHIR specification to retain a core level of simplicity for everyone."/><alias value="extensions"/><alias value="user content"/><alias value="modifiers"/><min value="0"/><max value="*"/><base><path value="BackboneElement.modifierExtension"/><min value="0"/><max value="*"/></base><type><code value="Extension"/></type><isModifier value="true"/><isSummary value="true"/><mapping><identity value="rim"/><map value="N/A"/></mapping></element><element id="FamilyMemberHistory.condition.code"><path value="FamilyMemberHistory.condition.code"/><short value="Condition suffered by relation"/><definition value="The actual condition specified. Could be a coded condition (like MI or Diabetes) or a less specific string like &#39;cancer&#39; depending on how much is known about the condition and the capabilities of the creating system."/><min value="1"/><max value="1"/><base><path value="FamilyMemberHistory.condition.code"/><min value="1"/><max value="1"/></base><type><code value="CodeableConcept"/></type><mustSupport value="true"/><binding><strength value="preferred"/><description value="The code for the condition"/><valueSetReference><reference value="http://hl7.org/fhir/us/core/ValueSet/us-core-problem"/></valueSetReference></binding><mapping><identity value="rim"/><map value=".value"/></mapping><mapping><identity value="qdm"/><map value="primary code"/></mapping></element><element id="FamilyMemberHistory.condition.outcome"><path value="FamilyMemberHistory.condition.outcome"/><short value="deceased | permanent disability | etc."/><definition value="Indicates what happened as a result of this condition.  If the condition resulted in death, deceased date is captured on the relation."/><min value="0"/><max value="1"/><base><path value="FamilyMemberHistory.condition.outcome"/><min value="0"/><max value="1"/></base><type><code value="CodeableConcept"/></type><binding><extension url="http://hl7.org/fhir/StructureDefinition/elementdefinition-bindingName"><valueString value="ConditionOutcome"/></extension><strength value="example"/><description value="The result of the condition for the patient; e.g. death, permanent disability, temporary disability, etc."/><valueSetReference><reference value="http://hl7.org/fhir/ValueSet/condition-outcome"/></valueSetReference></binding><mapping><identity value="rim"/><map value="outboundRelationship[typeCode=OUTC)].target[classCode=OBS, moodCode=EVN, code=ActCode#ASSERTION].value"/></mapping></element><element id="FamilyMemberHistory.condition.onset[x]"><path value="FamilyMemberHistory.condition.onset[x]"/><short value="When condition first manifested"/><definition value="Either the age of onset, range of approximate age or descriptive string can be recorded.  For conditions with multiple occurrences, this describes the first known occurrence."/><requirements value="Age of onset of a condition in relatives is predictive of risk for the patient."/><min value="0"/><max value="1"/><base><path value="FamilyMemberHistory.condition.onset[x]"/><min value="0"/><max value="1"/></base><type><code value="Age"/></type><type><code value="Range"/></type><type><code value="Period"/></type><type><code value="string"/></type><mustSupport value="false"/><mapping><identity value="rim"/><map value="inboundRelationship[typeCode=SUBJ].source[classCode=OBS, moodCode=EVN, code=&quot;Subject Age at measurement&quot;, value&lt;Diagnosis].value[@xsi:typeCode=&#39;TS&#39; or &#39;IVL_TS&#39;]  Use originalText for string"/></mapping><mapping><identity value="qdm"/><map value="start datetime"/></mapping></element><element id="FamilyMemberHistory.condition.note"><path value="FamilyMemberHistory.condition.note"/><short value="Extra information about condition"/><definition value="An area where general notes can be placed about this specific condition."/><min value="0"/><max value="*"/><base><path value="FamilyMemberHistory.condition.note"/><min value="0"/><max value="*"/></base><type><code value="Annotation"/></type><mapping><identity value="rim"/><map value="inboundRelationship[typeCode=SUBJ].source[classCode=OBS, moodCode=EVN, code=ActCode#ANNGEN].value"/></mapping></element></snapshot><differential><element id="FamilyMemberHistory"><path value="FamilyMemberHistory"/><mustSupport value="false"/><isModifier value="false"/><mapping><identity value="qdm"/><map value="Diagnosis, Family History"/></mapping></element><element id="FamilyMemberHistory.patient"><path value="FamilyMemberHistory.patient"/><type><code value="Reference"/><targetProfile value="http://hl7.org/fhir/us/qicore/StructureDefinition/qicore-patient"/></type><mustSupport value="true"/><isModifier value="false"/></element><element id="FamilyMemberHistory.date"><path value="FamilyMemberHistory.date"/><mustSupport value="true"/><isModifier value="false"/></element><element id="FamilyMemberHistory.relationship"><path value="FamilyMemberHistory.relationship"/><mustSupport value="true"/><isModifier value="false"/><binding><strength value="example"/><description value="A relationship between two people characterizing their &quot;familial&quot; relationship"/><valueSetReference><reference value="http://hl7.org/fhir/ValueSet/v3-FamilyMember"/></valueSetReference></binding></element><element id="FamilyMemberHistory.age[x]"><path value="FamilyMemberHistory.age[x]"/><mustSupport value="true"/><isModifier value="false"/></element><element id="FamilyMemberHistory.deceased[x]"><path value="FamilyMemberHistory.deceased[x]"/><mustSupport value="true"/><isModifier value="false"/></element><element id="FamilyMemberHistory.condition"><path value="FamilyMemberHistory.condition"/><mustSupport value="false"/><isModifier value="false"/></element><element id="FamilyMemberHistory.condition.extension:condition-abatement"><path value="FamilyMemberHistory.condition.extension"/><sliceName value="condition-abatement"/><min value="0"/><max value="1"/><type><code value="Extension"/><profile value="http://hl7.org/fhir/StructureDefinition/familymemberhistory-abatement"/></type><mustSupport value="false"/><isModifier value="false"/><mapping><identity value="qdm"/><map value="stop datetime"/></mapping></element><element id="FamilyMemberHistory.condition.extension:condition-severity"><path value="FamilyMemberHistory.condition.extension"/><sliceName value="condition-severity"/><min value="0"/><max value="1"/><type><code value="Extension"/><profile value="http://hl7.org/fhir/StructureDefinition/familymemberhistory-severity"/></type><mustSupport value="false"/><isModifier value="false"/><binding><strength value="preferred"/><description value="Valueset to identify the severity of the problem"/><valueSetReference><reference value="http://hl7.org/fhir/ValueSet/condition-severity"/></valueSetReference></binding><mapping><identity value="qdm"/><map value="severity"/></mapping></element><element id="FamilyMemberHistory.condition.code"><path value="FamilyMemberHistory.condition.code"/><mustSupport value="true"/><isModifier value="false"/><binding><strength value="preferred"/><description value="The code for the condition"/><valueSetReference><reference value="http://hl7.org/fhir/us/core/ValueSet/us-core-problem"/></valueSetReference></binding><mapping><identity value="qdm"/><map value="primary code"/></mapping></element><element id="FamilyMemberHistory.condition.onset[x]"><path value="FamilyMemberHistory.condition.onset[x]"/><mustSupport value="false"/><isModifier value="false"/><mapping><identity value="qdm"/><map value="start datetime"/></mapping></element></differential></StructureDefinition>