<?xml version="1.0" encoding="UTF-8"?><ValueSet xmlns="http://hl7.org/fhir"><id value="qicore-referralrequest-reason-rejected"/><text><status value="generated"/><div xmlns="http://www.w3.org/1999/xhtml"><h2>Reasons for rejecting a referral request</h2><div><p>The value set to instantiate this attribute should be drawn from a terminologically robust code system for reasons of rejecting or canceling a referral request. This value set is provided as a suggestive example.</p>
</div><p><b>Copyright Statement:</b> This value set includes content from SNOMED CT, which is copyright &#xA9; 2002+ International Health Terminology Standards Development Organisation (IHTSDO), and distributed by agreement between IHTSDO and HL7. Implementer use of SNOMED CT is not covered by this agreement.</p><p>This value set includes codes from the following code systems:</p><ul><li>Include codes from <a href="http://www.snomed.org/"><code>http://snomed.info/sct</code></a> where concept  is-a  416406003 (Procedure discontinued) and <a href="http://www.snomed.org/"><code>http://snomed.info/sct</code></a> where concept  is-a  428119001 (Procedure not indicated (situation)) and <a href="http://www.snomed.org/"><code>http://snomed.info/sct</code></a> where concept  is-a  416064006 (Procedure not offered) and <a href="http://www.snomed.org/"><code>http://snomed.info/sct</code></a> where concept  is-a  416432009 (Procedure not wanted) and <a href="http://www.snomed.org/"><code>http://snomed.info/sct</code></a> where concept  is-a  410521004 (Not to be done (qualifier value))</li></ul></div></text><url value="http://hl7.org/fhir/us/qicore/ValueSet/qicore-referralrequest-reason-rejected"/><name value="Reasons for rejecting a referral request"/><status value="draft"/><experimental value="true"/><date value="2017-08-25T23:55:18+00:00"/><publisher value="HL7 Clinical Quality Information (CQI) Work Group"/><contact><telecom><system value="other"/><value value="http://www.hl7.org/Special/committees/cqi"/></telecom></contact><description value="The value set to instantiate this attribute should be drawn from a terminologically robust code system for reasons of rejecting or canceling a referral request. This value set is provided as a suggestive example."/><copyright value="This value set includes content from SNOMED CT, which is copyright &#xA9; 2002+ International Health Terminology Standards Development Organisation (IHTSDO), and distributed by agreement between IHTSDO and HL7. Implementer use of SNOMED CT is not covered by this agreement."/><compose><include><system value="http://snomed.info/sct"/><filter><property value="concept"/><op value="is-a"/><value value="416406003"/></filter><filter><property value="concept"/><op value="is-a"/><value value="428119001"/></filter><filter><property value="concept"/><op value="is-a"/><value value="416064006"/></filter><filter><property value="concept"/><op value="is-a"/><value value="416432009"/></filter><filter><property value="concept"/><op value="is-a"/><value value="410521004"/></filter></include></compose></ValueSet>