<?xml version="1.0" encoding="UTF-8"?><ValueSet xmlns="http://hl7.org/fhir"><id value="qicore-observation-body-position"/><text><status value="generated"/><div xmlns="http://www.w3.org/1999/xhtml"><h2>Body Position</h2><div><p>SNOMED CT code system values descending from the following:&#39;body position finding&#39; 9851009</p>
</div><p><b>Copyright Statement:</b> This value set includes content from SNOMED CT, which is copyright &#xA9; 2002+ International Health Terminology Standards Development Organisation (IHTSDO), and distributed by agreement between IHTSDO and HL7. Implementer use of SNOMED CT is not covered by this agreement</p><p>This value set includes codes from the following code systems:</p><ul><li>Include codes from <a href="http://www.snomed.org/"><code>http://snomed.info/sct</code></a> where concept  is-a  9851009 (Body position finding)</li></ul></div></text><url value="http://hl7.org/fhir/us/qicore/ValueSet/qicore-observation-body-position"/><version value="0.02"/><name value="Body Position"/><status value="draft"/><experimental value="true"/><date value="2015-02-10T00:00:00+00:00"/><publisher value="HL7 Clinical Quality Information (CQI) Work Group"/><contact><telecom><system value="other"/><value value="http://www.hl7.org/Special/committees/cqi"/></telecom></contact><description value="SNOMED CT code system values descending from the following:&#39;body position finding&#39; 9851009"/><immutable value="true"/><copyright value="This value set includes content from SNOMED CT, which is copyright &#xA9; 2002+ International Health Terminology Standards Development Organisation (IHTSDO), and distributed by agreement between IHTSDO and HL7. Implementer use of SNOMED CT is not covered by this agreement"/><extensible value="true"/><compose><include><system value="http://snomed.info/sct"/><filter><property value="concept"/><op value="is-a"/><value value="9851009"/></filter></include></compose></ValueSet>