<?xml version="1.0" encoding="UTF-8"?><ValueSet xmlns="http://hl7.org/fhir"><id value="qicore-encounter-condition-role"/><text><status value="generated"/><div xmlns="http://www.w3.org/1999/xhtml"><h2>SNOMED CT Qualifier For Type of Diagnosis Codes</h2><div><p>This value set includes all the &quot;Qualifier for type of diagnosis&quot; SNOMED CT codes (i.e. codes with an is-a relationship with 106229004: Qualifier for type of diagnosis).</p>
</div><p><b>Copyright Statement:</b> This value set includes content from SNOMED CT, which is copyright &#xA9; 2002+ International Health Terminology Standards Development Organisation (IHTSDO), and distributed by agreement between IHTSDO and HL7. Implementer use of SNOMED CT is not covered by this agreement</p><p>This value set includes codes from the following code systems:</p><ul><li>Include codes from <a href="http://www.snomed.org/"><code>http://snomed.info/sct</code></a> where concept  is-a  106229004 (Qualifier for type of diagnosis)</li></ul></div></text><url value="http://hl7.org/fhir/us/qicore/ValueSet/qicore-encounter-condition-role"/><name value="SNOMED CT Qualifier For Type of Diagnosis Codes"/><status value="draft"/><date value="2017-08-25T23:55:18+00:00"/><publisher value="Health Level Seven, Inc. - CQI WG"/><contact><telecom><system value="other"/><value value="http://hl7.org/special/committees/CQI"/></telecom></contact><description value="This value set includes all the &quot;Qualifier for type of diagnosis&quot; SNOMED CT codes (i.e. codes with an is-a relationship with 106229004: Qualifier for type of diagnosis)."/><copyright value="This value set includes content from SNOMED CT, which is copyright &#xA9; 2002+ International Health Terminology Standards Development Organisation (IHTSDO), and distributed by agreement between IHTSDO and HL7. Implementer use of SNOMED CT is not covered by this agreement"/><compose><include><system value="http://snomed.info/sct"/><filter><property value="concept"/><op value="is-a"/><value value="106229004"/></filter></include></compose></ValueSet>