<?xml version="1.0" encoding="UTF-8"?><ValueSet xmlns="http://hl7.org/fhir"><id value="qicore-bodysite-precoordinated"/><text><status value="generated"/><div xmlns="http://www.w3.org/1999/xhtml"><h2>Precoordinated Body Sites</h2><div><p>SELECT SNOMED CT code system values representing precoordinated body sites.</p>
</div><p><b>Copyright Statement:</b> This value set includes content from SNOMED CT, which is copyright &#xA9; 2002+ International Health Terminology Standards Development Organisation (IHTSDO), and distributed by agreement between IHTSDO and HL7. Implementer use of SNOMED CT is not covered by this agreement</p><p>This value set includes codes from the following code systems:</p><ul><li>Include codes from <a href="http://www.snomed.org/"><code>http://snomed.info/sct</code></a> where concept  is-a  91723000 (Anatomical structure)</li></ul></div></text><url value="http://hl7.org/fhir/us/qicore/ValueSet/qicore-bodysite-precoordinated"/><version value="0.01"/><name value="Precoordinated Body Sites"/><status value="draft"/><date value="2015-02-09T00:00:00+00:00"/><publisher value="HL7 Clinical Quality Information (CQI) Work Group"/><contact><telecom><system value="other"/><value value="http://www.hl7.org/Special/committees/cqi"/></telecom></contact><description value="SELECT SNOMED CT code system values representing precoordinated body sites."/><immutable value="true"/><copyright value="This value set includes content from SNOMED CT, which is copyright &#xA9; 2002+ International Health Terminology Standards Development Organisation (IHTSDO), and distributed by agreement between IHTSDO and HL7. Implementer use of SNOMED CT is not covered by this agreement"/><extensible value="true"/><compose><include><system value="http://snomed.info/sct"/><filter><property value="concept"/><op value="is-a"/><value value="91723000"/></filter></include></compose></ValueSet>