<?xml version="1.0" encoding="UTF-8"?><ValueSet xmlns="http://hl7.org/fhir"><id value="qicore-patient-disability"/><text><status value="generated"/><div xmlns="http://www.w3.org/1999/xhtml"><h2>Disability Value Set</h2><div><p>Disability is broadly defined as a physical or mental condition that limits a person&#39;s movements, senses, or activities. This includes  items such as handicap, impairment, invalidism, functional dependency, and incompetence.</p>
</div><p><b>Copyright Statement:</b> This value set includes content from SNOMED CT, which is copyright &#xA9; 2002+ International Health Terminology Standards Development Organisation (IHTSDO), and distributed by agreement between IHTSDO and HL7. Implementer use of SNOMED CT is not covered by this agreement</p><p>This value set includes codes from the following code systems:</p><ul><li>Include codes from <a href="http://www.snomed.org/"><code>http://snomed.info/sct</code></a> where concept  is-a  105719004 (Body disability AND/OR failure state)</li></ul></div></text><url value="http://hl7.org/fhir/us/qicore/ValueSet/qicore-patient-disability"/><name value="Disability Value Set"/><status value="active"/><date value="2017-08-25T23:55:18+00:00"/><publisher value="Health Level Seven, Inc. - CQI WG"/><contact><telecom><system value="other"/><value value="http://hl7.org/special/committees/CQI"/></telecom></contact><description value="Disability is broadly defined as a physical or mental condition that limits a person&#39;s movements, senses, or activities. This includes  items such as handicap, impairment, invalidism, functional dependency, and incompetence."/><copyright value="This value set includes content from SNOMED CT, which is copyright &#xA9; 2002+ International Health Terminology Standards Development Organisation (IHTSDO), and distributed by agreement between IHTSDO and HL7. Implementer use of SNOMED CT is not covered by this agreement"/><compose><include><system value="http://snomed.info/sct"/><filter><property value="concept"/><op value="is-a"/><value value="105719004"/></filter></include></compose></ValueSet>