<?xml version="1.0" encoding="UTF-8"?><ValueSet xmlns="http://hl7.org/fhir"><id value="qicore-observation-verification"/><meta><profile value="http://hl7.org/fhir/StructureDefinition/shareablevalueset"/></meta><text><status value="generated"/><div xmlns="http://www.w3.org/1999/xhtml"><h2>QICore Observation Verification Method</h2><div><p>Code for method by which the observation result was validated, e.g., human review, sliding average.</p>
</div><p>This value set includes codes from the following code systems:</p><ul><li>Include all codes defined in <code>http://hl7.org/fhir/us/qicore/CodeSystem/qicore-observation-verification-method</code></li></ul></div></text><url value="http://hl7.org/fhir/us/qicore/ValueSet/qicore-observation-verification"/><version value="0.02"/><name value="QICore Observation Verification Method"/><status value="draft"/><experimental value="true"/><date value="2017-08-25T23:55:18+00:00"/><publisher value="HL7 Clinical Quality Information (CQI) Work Group"/><contact><telecom><system value="other"/><value value="http://www.hl7.org/Special/committees/cqi"/></telecom></contact><description value="Code for method by which the observation result was validated, e.g., human review, sliding average."/><compose><include><system value="http://hl7.org/fhir/us/qicore/CodeSystem/qicore-observation-verification-method"/></include></compose></ValueSet>